account_id,account_owner,amount,authorized_date,authorized_datetime,category,category_id,check_number,counterparty_confidence_level,counterparty_entity_id,counterparty_logo_url,counterparty_name,counterparty_phone_number,counterparty_type,counterparty_website,date,datetime,iso_currency_code,location_address,location_city,location_country,location_lat,location_lon,location_postal_code,location_region,location_store_number,logo_url,merchant_entity_id,merchant_name,name,payment_channel,payment_meta_by_order_of,payment_meta_payee,payment_meta_payer,payment_meta_payment_method,payment_meta_payment_processor,payment_meta_ppd_id,payment_meta_reason,payment_meta_reference_number,pending,pending_transaction_id,personal_finance_category_confidence_level,personal_finance_category_detailed,personal_finance_category_primary,personal_finance_category_icon_url,transaction_code,transaction_id,transaction_type,unofficial_currency_code,website
LrM8djJGrbt44Zab83EWUDDjPG5jv8ckWKny7,,500.0,,,Travel > Airlines and Aviation Services,22001000,,VERY_HIGH,NKDjqyAdQQzpyeD8qpLnX0D6yvLe2KYKYYzQ4,https://plaid-merchant-logos.plaid.com/united_airlines_1065.png,United Airlines,,merchant,united.com,2024-04-09,,USD,,,,,,,,,https://plaid-merchant-logos.plaid.com/united_airlines_1065.png,NKDjqyAdQQzpyeD8qpLnX0D6yvLe2KYKYYzQ4,United Airlines,United Airlines,in store,,,,,,,,,False,,VERY_HIGH,TRAVEL_FLIGHTS,TRAVEL,https://plaid-category-icons.plaid.com/PFC_TRAVEL.png,,yXdBP3w9Xbu11WL94VmQFyyQvdJJBpf4PBdyX,special,,united.com
ZZb3ogawZjFWWErkR5wDcNNGbBJGqLie1myDj,,6.33,2024-04-06,,Travel > Taxi,22016000,,VERY_HIGH,eyg8o776k0QmNgVpAmaQj4WgzW9Qzo6O51gdd,https://plaid-merchant-logos.plaid.com/uber_1060.png,Uber,,merchant,uber.com,2024-04-07,,USD,,,,,,,,,https://plaid-merchant-logos.plaid.com/uber_1060.png,eyg8o776k0QmNgVpAmaQj4WgzW9Qzo6O51gdd,Uber,Uber 072515 SF**POOL**,online,,,,,,,,,False,,VERY_HIGH,TRANSPORTATION_TAXIS_AND_RIDE_SHARES,TRANSPORTATION,https://plaid-category-icons.plaid.com/PFC_TRANSPORTATION.png,,PxrGPeJRxEfZZe1bxBvKcqqqxrkRlVHoLRdRA,special,,uber.com
LrM8djJGrbt44Zab83EWUDDjPG5jv8ckWKny7,,500.0,,,Food and Drink > Restaurants,13005000,,,,,,,,,2024-04-04,,USD,,,,,,,,,,,,Tectra Inc,in store,,,,,,,,,False,,LOW,ENTERTAINMENT_SPORTING_EVENTS_AMUSEMENT_PARKS_AND_MUSEUMS,ENTERTAINMENT,https://plaid-category-icons.plaid.com/PFC_ENTERTAINMENT.png,,9akBbVJWawS99R3N46JMiWWwRLaaBPT4o68RD,place,,
LrM8djJGrbt44Zab83EWUDDjPG5jv8ckWKny7,,2078.5,,,Payment,16000000,,,,,,,,,2024-04-03,,USD,,,,,,,,,,,,AUTOMATIC PAYMENT - THANK,online,,,,,,,,,False,,LOW,GENERAL_MERCHANDISE_OTHER_GENERAL_MERCHANDISE,GENERAL_MERCHANDISE,https://plaid-category-icons.plaid.com/PFC_GENERAL_MERCHANDISE.png,,63XKAmpJ3BtnnXwBWVDdIppAXWKKozF8Q5JgQ,special,,
LrM8djJGrbt44Zab83EWUDDjPG5jv8ckWKny7,,500.0,,,Food and Drink > Restaurants > Fast Food,13005032,,VERY_HIGH,3LmdknrdwVy9vm0dqj417rLKeJXW7veV7eb2e,https://plaid-merchant-logos.plaid.com/kfc_546.png,KFC,,merchant,kfc.com,2024-04-03,,USD,,,,,,,,,https://plaid-merchant-logos.plaid.com/kfc_546.png,3LmdknrdwVy9vm0dqj417rLKeJXW7veV7eb2e,KFC,KFC,in store,,,,,,,,,False,,VERY_HIGH,FOOD_AND_DRINK_FAST_FOOD,FOOD_AND_DRINK,https://plaid-category-icons.plaid.com/PFC_FOOD_AND_DRINK.png,,RaBb7VqJa1Sww8mQ9WqRiXXW3NPP8kfaNEjRo,place,,kfc.com
LrM8djJGrbt44Zab83EWUDDjPG5jv8ckWKny7,,500.0,,,Shops > Sporting Goods,19046000,,,,,,,,,2024-04-03,,USD,,,,,,,,,,,,Madison Bicycle Shop,in store,,,,,,,,,False,,LOW,GENERAL_MERCHANDISE_SPORTING_GOODS,GENERAL_MERCHANDISE,https://plaid-category-icons.plaid.com/PFC_GENERAL_MERCHANDISE.png,,vwBKa5vbwRsnnAoExabVI66DjxPPy4CqbdxW1,place,,
MzlkawJ9zZFookd9bynvc66GN1rGnxcLRpg8M,,25.0,2024-03-24,,Payment > Credit Card,16001000,,,,,,,,,2024-03-25,,USD,,,,,,,,,,,,CREDIT CARD 3333 PAYMENT *//,other,,,,,,,,,False,,LOW,LOAN_PAYMENTS_CREDIT_CARD_PAYMENT,LOAN_PAYMENTS,https://plaid-category-icons.plaid.com/PFC_LOAN_PAYMENTS.png,,xGxzNBvLGXhllxnXd9wahVVV5p4JMQt6MbwX1,special,,
ZZb3ogawZjFWWErkR5wDcNNGbBJGqLie1myDj,,5.4,2024-03-24,,Travel > Taxi,22016000,,VERY_HIGH,eyg8o776k0QmNgVpAmaQj4WgzW9Qzo6O51gdd,https://plaid-merchant-logos.plaid.com/uber_1060.png,Uber,,merchant,uber.com,2024-03-25,,USD,,,,,,,,,https://plaid-merchant-logos.plaid.com/uber_1060.png,eyg8o776k0QmNgVpAmaQj4WgzW9Qzo6O51gdd,Uber,Uber 063015 SF**POOL**,online,,,,,,,,,False,,VERY_HIGH,TRANSPORTATION_TAXIS_AND_RIDE_SHARES,TRANSPORTATION,https://plaid-category-icons.plaid.com/PFC_TRANSPORTATION.png,,j9poDZv39gSkkdr9zjBafBBBk8rZy3c6Ke4eR,special,,uber.com
pygGrLvbyXs66b1EZnrycQQamlWa7ZhpQjMNv,,5850.0,,,Transfer > Debit,21006000,,,,,,,,,2024-03-24,,USD,,,,,,,,,,,,ACH Electronic CreditGUSTO PAY 123456,online,,,,ACH,,,,,False,,LOW,GENERAL_SERVICES_ACCOUNTING_AND_FINANCIAL_PLANNING,GENERAL_SERVICES,https://plaid-category-icons.plaid.com/PFC_GENERAL_SERVICES.png,,MzlkawJ9zZFookd9bynvc66Dbz44VqCLXrx4y,special,,
1qJnoyQrqwsmml374KwycDDZBQLZKjcpPXdGg,,1000.0,,,Transfer > Deposit,21007000,,,,,,,,,2024-03-24,,USD,,,,,,,,,,,,CD DEPOSIT .INITIAL.,other,,,,,,,,,False,,LOW,GENERAL_MERCHANDISE_OTHER_GENERAL_MERCHANDISE,GENERAL_MERCHANDISE,https://plaid-category-icons.plaid.com/PFC_GENERAL_MERCHANDISE.png,,lG78wW6gG1hQQxwG3LBjtbbbdJ3ElrfpBxW1g,special,,
LrM8djJGrbt44Zab83EWUDDjPG5jv8ckWKny7,,78.5,2024-03-22,,Recreation > Gyms and Fitness Centers,17018000,,,,,,,,,2024-03-23,,USD,,,,,,,,,,,,Touchstone Climbing,in store,,,,,,,,,False,,LOW,PERSONAL_CARE_GYMS_AND_FITNESS_CENTERS,PERSONAL_CARE,https://plaid-category-icons.plaid.com/PFC_PERSONAL_CARE.png,,XeokL1xpewHRRV6b9expsnnNM811VACbkagdj,place,,
ZZb3ogawZjFWWErkR5wDcNNGbBJGqLie1myDj,,-500.0,2024-03-23,,Travel > Airlines and Aviation Services,22001000,,VERY_HIGH,NKDjqyAdQQzpyeD8qpLnX0D6yvLe2KYKYYzQ4,https://plaid-merchant-logos.plaid.com/united_airlines_1065.png,United Airlines,,merchant,united.com,2024-03-23,,USD,,,,,,,,,https://plaid-merchant-logos.plaid.com/united_airlines_1065.png,NKDjqyAdQQzpyeD8qpLnX0D6yvLe2KYKYYzQ4,United Airlines,United Airlines,in store,,,,,,,,,False,,VERY_HIGH,TRAVEL_FLIGHTS,TRAVEL,https://plaid-category-icons.plaid.com/PFC_TRAVEL.png,,7xPrGQovxVfbb5zvMamLCoooGklm9vCdbqQqb,special,,united.com
ZZb3ogawZjFWWErkR5wDcNNGbBJGqLie1myDj,,12.0,2024-03-22,,Food and Drink > Restaurants > Fast Food,13005032,,VERY_HIGH,vzWXDWBjB06j5BJoD3Jo84OJZg7JJzmqOZA22,https://plaid-merchant-logos.plaid.com/mcdonalds_619.png,McDonald's,,merchant,mcdonalds.com,2024-03-22,,USD,,,,,,,,3322,https://plaid-merchant-logos.plaid.com/mcdonalds_619.png,vzWXDWBjB06j5BJoD3Jo84OJZg7JJzmqOZA22,McDonald's,McDonald's,in store,,,,,,,,,False,,VERY_HIGH,FOOD_AND_DRINK_FAST_FOOD,FOOD_AND_DRINK,https://plaid-category-icons.plaid.com/PFC_FOOD_AND_DRINK.png,,eG6Z9aL4GJhQQn6G8xkRtEEEo6g7djCrvGDGB,place,,mcdonalds.com
ZZb3ogawZjFWWErkR5wDcNNGbBJGqLie1myDj,,4.33,2024-03-22,,Food and Drink > Restaurants > Coffee Shop,13005043,,VERY_HIGH,NZAJQ5wYdo1W1p39X5q5gpb15OMe39pj4pJBb,https://plaid-merchant-logos.plaid.com/starbucks_956.png,Starbucks,,merchant,starbucks.com,2024-03-22,,USD,,,,,,,,,https://plaid-merchant-logos.plaid.com/starbucks_956.png,NZAJQ5wYdo1W1p39X5q5gpb15OMe39pj4pJBb,Starbucks,Starbucks,in store,,,,,,,,,False,,VERY_HIGH,FOOD_AND_DRINK_COFFEE,FOOD_AND_DRINK,https://plaid-category-icons.plaid.com/PFC_FOOD_AND_DRINK.png,,QdznjVlQdWcZZgbea184cKKKy4Mv9bUwPVoVm,place,,starbucks.com
ZZb3ogawZjFWWErkR5wDcNNGbBJGqLie1myDj,,89.4,2024-03-20,,Food and Drink > Restaurants,13005000,,LOW,,,FUN,,merchant,,2024-03-21,,USD,,,,,,,,,,,FUN,SparkFun,in store,,,,,,,,,False,,LOW,GENERAL_MERCHANDISE_OTHER_GENERAL_MERCHANDISE,GENERAL_MERCHANDISE,https://plaid-category-icons.plaid.com/PFC_GENERAL_MERCHANDISE.png,,ZZb3ogawZjFWWErkR5wDcNNNZ17rRXfeaBLBy,place,,
MzlkawJ9zZFookd9bynvc66GN1rGnxcLRpg8M,,-4.22,2024-03-20,,Transfer > Payroll,21009000,,,,,,,,,2024-03-20,,USD,,,,,,,,,,,,INTRST PYMNT,other,,,,,,,,,False,,LOW,INCOME_WAGES,INCOME,https://plaid-category-icons.plaid.com/PFC_INCOME.png,,dkgQyd1ekJsddENkgmjXtnnnkpQD9aiJypNdb,special,,
LrM8djJGrbt44Zab83EWUDDjPG5jv8ckWKny7,,500.0,,,Travel > Airlines and Aviation Services,22001000,,VERY_HIGH,NKDjqyAdQQzpyeD8qpLnX0D6yvLe2KYKYYzQ4,https://plaid-merchant-logos.plaid.com/united_airlines_1065.png,United Airlines,,merchant,united.com,2024-03-10,,USD,,,,,,,,,https://plaid-merchant-logos.plaid.com/united_airlines_1065.png,NKDjqyAdQQzpyeD8qpLnX0D6yvLe2KYKYYzQ4,United Airlines,United Airlines,in store,,,,,,,,,False,,VERY_HIGH,TRAVEL_FLIGHTS,TRAVEL,https://plaid-category-icons.plaid.com/PFC_TRAVEL.png,,DLoQlRJKLwC33XpEqkJ6CnnBzgooa1C3NMevW,special,,united.com
ZZb3ogawZjFWWErkR5wDcNNGbBJGqLie1myDj,,6.33,2024-03-07,,Travel > Taxi,22016000,,VERY_HIGH,eyg8o776k0QmNgVpAmaQj4WgzW9Qzo6O51gdd,https://plaid-merchant-logos.plaid.com/uber_1060.png,Uber,,merchant,uber.com,2024-03-08,,USD,,,,,,,,,https://plaid-merchant-logos.plaid.com/uber_1060.png,eyg8o776k0QmNgVpAmaQj4WgzW9Qzo6O51gdd,Uber,Uber 072515 SF**POOL**,online,,,,,,,,,False,,VERY_HIGH,TRANSPORTATION_TAXIS_AND_RIDE_SHARES,TRANSPORTATION,https://plaid-category-icons.plaid.com/PFC_TRANSPORTATION.png,,MzlkawJ9zZFookd9bynvc666EjlKwDiLXrxrJ,special,,uber.com
LrM8djJGrbt44Zab83EWUDDjPG5jv8ckWKny7,,500.0,,,Food and Drink > Restaurants,13005000,,,,,,,,,2024-03-05,,USD,,,,,,,,,,,,Tectra Inc,in store,,,,,,,,,False,,LOW,ENTERTAINMENT_SPORTING_EVENTS_AMUSEMENT_PARKS_AND_MUSEUMS,ENTERTAINMENT,https://plaid-category-icons.plaid.com/PFC_ENTERTAINMENT.png,,VjpKM1BojgF77w4yQJ8RcxxboQqqwzc9QrkWM,place,,
LrM8djJGrbt44Zab83EWUDDjPG5jv8ckWKny7,,2078.5,,,Payment,16000000,,,,,,,,,2024-03-04,,USD,,,,,,,,,,,,AUTOMATIC PAYMENT - THANK,online,,,,,,,,,False,,LOW,GENERAL_MERCHANDISE_OTHER_GENERAL_MERCHANDISE,GENERAL_MERCHANDISE,https://plaid-category-icons.plaid.com/PFC_GENERAL_MERCHANDISE.png,,Jqko3aJdqbsEE8jDkvqpcWWBoDQQ7qTBXPjdr,special,,
LrM8djJGrbt44Zab83EWUDDjPG5jv8ckWKny7,,500.0,,,Food and Drink > Restaurants > Fast Food,13005032,,VERY_HIGH,3LmdknrdwVy9vm0dqj417rLKeJXW7veV7eb2e,https://plaid-merchant-logos.plaid.com/kfc_546.png,KFC,,merchant,kfc.com,2024-03-04,,USD,,,,,,,,,https://plaid-merchant-logos.plaid.com/kfc_546.png,3LmdknrdwVy9vm0dqj417rLKeJXW7veV7eb2e,KFC,KFC,in store,,,,,,,,,False,,VERY_HIGH,FOOD_AND_DRINK_FAST_FOOD,FOOD_AND_DRINK,https://plaid-category-icons.plaid.com/PFC_FOOD_AND_DRINK.png,,5B7qWxkzBVi55J6RNop4fLLmJojjPWi5XmVZD,place,,kfc.com
LrM8djJGrbt44Zab83EWUDDjPG5jv8ckWKny7,,500.0,,,Shops > Sporting Goods,19046000,,,,,,,,,2024-03-04,,USD,,,,,,,,,,,,Madison Bicycle Shop,in store,,,,,,,,,False,,LOW,GENERAL_MERCHANDISE_SPORTING_GOODS,GENERAL_MERCHANDISE,https://plaid-category-icons.plaid.com/PFC_GENERAL_MERCHANDISE.png,,wG3r4AvDG5hwwxdGjPAriee674aaGyFPz89rb,place,,
MzlkawJ9zZFookd9bynvc66GN1rGnxcLRpg8M,,25.0,2024-02-23,,Payment > Credit Card,16001000,,,,,,,,,2024-02-24,,USD,,,,,,,,,,,,CREDIT CARD 3333 PAYMENT *//,other,,,,,,,,,False,,LOW,LOAN_PAYMENTS_CREDIT_CARD_PAYMENT,LOAN_PAYMENTS,https://plaid-category-icons.plaid.com/PFC_LOAN_PAYMENTS.png,,a8kjndQJ83CZZlPKwBmrcnnn3aM1obiZ6M4ba,special,,
ZZb3ogawZjFWWErkR5wDcNNGbBJGqLie1myDj,,5.4,2024-02-23,,Travel > Taxi,22016000,,VERY_HIGH,eyg8o776k0QmNgVpAmaQj4WgzW9Qzo6O51gdd,https://plaid-merchant-logos.plaid.com/uber_1060.png,Uber,,merchant,uber.com,2024-02-24,,USD,,,,,,,,,https://plaid-merchant-logos.plaid.com/uber_1060.png,eyg8o776k0QmNgVpAmaQj4WgzW9Qzo6O51gdd,Uber,Uber 063015 SF**POOL**,online,,,,,,,,,False,,VERY_HIGH,TRANSPORTATION_TAXIS_AND_RIDE_SHARES,TRANSPORTATION,https://plaid-category-icons.plaid.com/PFC_TRANSPORTATION.png,,1qJnoyQrqwsmml374KwycDDDwEJdX1ip9171w,special,,uber.com
pygGrLvbyXs66b1EZnrycQQamlWa7ZhpQjMNv,,5850.0,,,Transfer > Debit,21006000,,,,,,,,,2024-02-23,,USD,,,,,,,,,,,,ACH Electronic CreditGUSTO PAY 123456,online,,,,ACH,,,,,False,,LOW,GENERAL_SERVICES_ACCOUNTING_AND_FINANCIAL_PLANNING,GENERAL_SERVICES,https://plaid-category-icons.plaid.com/PFC_GENERAL_SERVICES.png,,1qJnoyQrqwsmml374KwycDD1lx66vpCp917qr,special,,
1qJnoyQrqwsmml374KwycDDZBQLZKjcpPXdGg,,1000.0,,,Transfer > Deposit,21007000,,,,,,,,,2024-02-23,,USD,,,,,,,,,,,,CD DEPOSIT .INITIAL.,other,,,,,,,,,False,,LOW,GENERAL_MERCHANDISE_OTHER_GENERAL_MERCHANDISE,GENERAL_MERCHANDISE,https://plaid-category-icons.plaid.com/PFC_GENERAL_MERCHANDISE.png,,qGlnzXv5Gjh88XDWMLZEuAAAM7KNeqsgl3W8r,special,,
LrM8djJGrbt44Zab83EWUDDjPG5jv8ckWKny7,,78.5,2024-02-21,,Recreation > Gyms and Fitness Centers,17018000,,,,,,,,,2024-02-22,,USD,,,,,,,,,,,,Touchstone Climbing,in store,,,,,,,,,False,,LOW,PERSONAL_CARE_GYMS_AND_FITNESS_CENTERS,PERSONAL_CARE,https://plaid-category-icons.plaid.com/PFC_PERSONAL_CARE.png,,k6wgVbvX6mtwwGD635gWi88bKe33rLCL7vEWB,place,,
ZZb3ogawZjFWWErkR5wDcNNGbBJGqLie1myDj,,-500.0,2024-02-22,,Travel > Airlines and Aviation Services,22001000,,VERY_HIGH,NKDjqyAdQQzpyeD8qpLnX0D6yvLe2KYKYYzQ4,https://plaid-merchant-logos.plaid.com/united_airlines_1065.png,United Airlines,,merchant,united.com,2024-02-22,,USD,,,,,,,,,https://plaid-merchant-logos.plaid.com/united_airlines_1065.png,NKDjqyAdQQzpyeD8qpLnX0D6yvLe2KYKYYzQ4,United Airlines,United Airlines,in store,,,,,,,,,False,,VERY_HIGH,TRAVEL_FLIGHTS,TRAVEL,https://plaid-category-icons.plaid.com/PFC_TRAVEL.png,,LrM8djJGrbt44Zab83EWUDDDxRQyk9ik6585r,special,,united.com
ZZb3ogawZjFWWErkR5wDcNNGbBJGqLie1myDj,,12.0,2024-02-21,,Food and Drink > Restaurants > Fast Food,13005032,,VERY_HIGH,vzWXDWBjB06j5BJoD3Jo84OJZg7JJzmqOZA22,https://plaid-merchant-logos.plaid.com/mcdonalds_619.png,McDonald's,,merchant,mcdonalds.com,2024-02-21,,USD,,,,,,,,3322,https://plaid-merchant-logos.plaid.com/mcdonalds_619.png,vzWXDWBjB06j5BJoD3Jo84OJZg7JJzmqOZA22,McDonald's,McDonald's,in store,,,,,,,,,False,,VERY_HIGH,FOOD_AND_DRINK_FAST_FOOD,FOOD_AND_DRINK,https://plaid-category-icons.plaid.com/PFC_FOOD_AND_DRINK.png,,pygGrLvbyXs66b1EZnrycQQQnBMEx9Hpldgd4,place,,mcdonalds.com
ZZb3ogawZjFWWErkR5wDcNNGbBJGqLie1myDj,,4.33,2024-02-21,,Food and Drink > Restaurants > Coffee Shop,13005043,,VERY_HIGH,NZAJQ5wYdo1W1p39X5q5gpb15OMe39pj4pJBb,https://plaid-merchant-logos.plaid.com/starbucks_956.png,Starbucks,,merchant,starbucks.com,2024-02-21,,USD,,,,,,,,,https://plaid-merchant-logos.plaid.com/starbucks_956.png,NZAJQ5wYdo1W1p39X5q5gpb15OMe39pj4pJBb,Starbucks,Starbucks,in store,,,,,,,,,False,,VERY_HIGH,FOOD_AND_DRINK_COFFEE,FOOD_AND_DRINK,https://plaid-category-icons.plaid.com/PFC_FOOD_AND_DRINK.png,,oGbAKXvZGLhDDLyGndKvi444yVekbJCoQm9mj,place,,starbucks.com
ZZb3ogawZjFWWErkR5wDcNNGbBJGqLie1myDj,,89.4,2024-02-19,,Food and Drink > Restaurants,13005000,,LOW,,,FUN,,merchant,,2024-02-20,,USD,,,,,,,,,,,FUN,SparkFun,in store,,,,,,,,,False,,LOW,ENTERTAINMENT_SPORTING_EVENTS_AMUSEMENT_PARKS_AND_MUSEUMS,ENTERTAINMENT,https://plaid-category-icons.plaid.com/PFC_ENTERTAINMENT.png,,gGp1RAowGJhrrGzEQlKLSlllBQx4VEtENJDJ6,place,,
MzlkawJ9zZFookd9bynvc66GN1rGnxcLRpg8M,,-4.22,2024-02-19,,Transfer > Payroll,21009000,,,,,,,,,2024-02-19,,USD,,,,,,,,,,,,INTRST PYMNT,other,,,,,,,,,False,,LOW,INCOME_WAGES,INCOME,https://plaid-category-icons.plaid.com/PFC_INCOME.png,,4z6lEv1wzVFkkGe5bBj3f1114y5BmnCJpP5q5,special,,
LrM8djJGrbt44Zab83EWUDDjPG5jv8ckWKny7,,500.0,,,Travel > Airlines and Aviation Services,22001000,,VERY_HIGH,NKDjqyAdQQzpyeD8qpLnX0D6yvLe2KYKYYzQ4,https://plaid-merchant-logos.plaid.com/united_airlines_1065.png,United Airlines,,merchant,united.com,2024-02-09,,USD,,,,,,,,,https://plaid-merchant-logos.plaid.com/united_airlines_1065.png,NKDjqyAdQQzpyeD8qpLnX0D6yvLe2KYKYYzQ4,United Airlines,United Airlines,in store,,,,,,,,,False,,VERY_HIGH,TRAVEL_FLIGHTS,TRAVEL,https://plaid-category-icons.plaid.com/PFC_TRAVEL.png,,lG78wW6gG1hQQxwG3LBjtbbr6vNNkzCpBxWZ4,special,,united.com
ZZb3ogawZjFWWErkR5wDcNNGbBJGqLie1myDj,,6.33,2024-02-06,,Travel > Taxi,22016000,,VERY_HIGH,eyg8o776k0QmNgVpAmaQj4WgzW9Qzo6O51gdd,https://plaid-merchant-logos.plaid.com/uber_1060.png,Uber,,merchant,uber.com,2024-02-07,,USD,,,,,,,,,https://plaid-merchant-logos.plaid.com/uber_1060.png,eyg8o776k0QmNgVpAmaQj4WgzW9Qzo6O51gdd,Uber,Uber 072515 SF**POOL**,online,,,,,,,,,False,,VERY_HIGH,TRANSPORTATION_TAXIS_AND_RIDE_SHARES,TRANSPORTATION,https://plaid-category-icons.plaid.com/PFC_TRANSPORTATION.png,,8d6znwg4dRcooZBwbjA6cRRRyNLqdliW7BaB1,special,,uber.com
LrM8djJGrbt44Zab83EWUDDjPG5jv8ckWKny7,,500.0,,,Food and Drink > Restaurants,13005000,,,,,,,,,2024-02-04,,USD,,,,,,,,,,,,Tectra Inc,in store,,,,,,,,,False,,LOW,ENTERTAINMENT_SPORTING_EVENTS_AMUSEMENT_PARKS_AND_MUSEUMS,ENTERTAINMENT,https://plaid-category-icons.plaid.com/PFC_ENTERTAINMENT.png,,qGlnzXv5Gjh88XDWMLZEuAAqdm55lvugl3Wdj,place,,
LrM8djJGrbt44Zab83EWUDDjPG5jv8ckWKny7,,2078.5,,,Payment,16000000,,,,,,,,,2024-02-03,,USD,,,,,,,,,,,,AUTOMATIC PAYMENT - THANK,online,,,,,,,,,False,,LOW,GENERAL_MERCHANDISE_OTHER_GENERAL_MERCHANDISE,GENERAL_MERCHANDISE,https://plaid-category-icons.plaid.com/PFC_GENERAL_MERCHANDISE.png,,zGJ3jMvBG5hvvzjM91qWckkoEJKKVZuldnaor,special,,
LrM8djJGrbt44Zab83EWUDDjPG5jv8ckWKny7,,500.0,,,Food and Drink > Restaurants > Fast Food,13005032,,VERY_HIGH,3LmdknrdwVy9vm0dqj417rLKeJXW7veV7eb2e,https://plaid-merchant-logos.plaid.com/kfc_546.png,KFC,,merchant,kfc.com,2024-02-03,,USD,,,,,,,,,https://plaid-merchant-logos.plaid.com/kfc_546.png,3LmdknrdwVy9vm0dqj417rLKeJXW7veV7eb2e,KFC,KFC,in store,,,,,,,,,False,,VERY_HIGH,FOOD_AND_DRINK_FAST_FOOD,FOOD_AND_DRINK,https://plaid-category-icons.plaid.com/PFC_FOOD_AND_DRINK.png,,rGqbBRvXG5h44ybGBpexU66q8jXXwWC7bzwlw,place,,kfc.com
LrM8djJGrbt44Zab83EWUDDjPG5jv8ckWKny7,,500.0,,,Shops > Sporting Goods,19046000,,,,,,,,,2024-02-03,,USD,,,,,,,,,,,,Madison Bicycle Shop,in store,,,,,,,,,False,,LOW,GENERAL_MERCHANDISE_SPORTING_GOODS,GENERAL_MERCHANDISE,https://plaid-category-icons.plaid.com/PFC_GENERAL_MERCHANDISE.png,,KKRgxaJwKVUeevbpR8EBimmWb1EErlcRoQ8VZ,place,,
MzlkawJ9zZFookd9bynvc66GN1rGnxcLRpg8M,,25.0,2024-01-24,,Payment > Credit Card,16001000,,,,,,,,,2024-01-25,,USD,,,,,,,,,,,,CREDIT CARD 3333 PAYMENT *//,other,,,,,,,,,False,,LOW,LOAN_PAYMENTS_CREDIT_CARD_PAYMENT,LOAN_PAYMENTS,https://plaid-category-icons.plaid.com/PFC_LOAN_PAYMENTS.png,,NBqW4wJVBniMMnGwkvZ1uKKKGgjE76Uy8wZbd,special,,
ZZb3ogawZjFWWErkR5wDcNNGbBJGqLie1myDj,,5.4,2024-01-24,,Travel > Taxi,22016000,,VERY_HIGH,eyg8o776k0QmNgVpAmaQj4WgzW9Qzo6O51gdd,https://plaid-merchant-logos.plaid.com/uber_1060.png,Uber,,merchant,uber.com,2024-01-25,,USD,,,,,,,,,https://plaid-merchant-logos.plaid.com/uber_1060.png,eyg8o776k0QmNgVpAmaQj4WgzW9Qzo6O51gdd,Uber,Uber 063015 SF**POOL**,online,,,,,,,,,False,,VERY_HIGH,TRANSPORTATION_TAXIS_AND_RIDE_SHARES,TRANSPORTATION,https://plaid-category-icons.plaid.com/PFC_TRANSPORTATION.png,,Ep7ZqNJRprCQQJEk3d8etKKKPQRxyVU48NQNQ,special,,uber.com
pygGrLvbyXs66b1EZnrycQQamlWa7ZhpQjMNv,,5850.0,,,Transfer > Debit,21006000,,,,,,,,,2024-01-24,,USD,,,,,,,,,,,,ACH Electronic CreditGUSTO PAY 123456,online,,,,ACH,,,,,False,,LOW,GENERAL_SERVICES_ACCOUNTING_AND_FINANCIAL_PLANNING,GENERAL_SERVICES,https://plaid-category-icons.plaid.com/PFC_GENERAL_SERVICES.png,,LrM8djJGrbt44Zab83EWUDD931eeZNCk658eW,special,,
1qJnoyQrqwsmml374KwycDDZBQLZKjcpPXdGg,,1000.0,,,Transfer > Deposit,21007000,,,,,,,,,2024-01-24,,USD,,,,,,,,,,,,CD DEPOSIT .INITIAL.,other,,,,,,,,,False,,LOW,GENERAL_MERCHANDISE_OTHER_GENERAL_MERCHANDISE,GENERAL_MERCHANDISE,https://plaid-category-icons.plaid.com/PFC_GENERAL_MERCHANDISE.png,,KKRgxaJwKVUeevbpR8EBimmmznZMyWhRoQ8gX,special,,
LrM8djJGrbt44Zab83EWUDDjPG5jv8ckWKny7,,78.5,2024-01-22,,Recreation > Gyms and Fitness Centers,17018000,,,,,,,,,2024-01-23,,USD,,,,,,,,,,,,Touchstone Climbing,in store,,,,,,,,,False,,LOW,PERSONAL_CARE_GYMS_AND_FITNESS_CENTERS,PERSONAL_CARE,https://plaid-category-icons.plaid.com/PFC_PERSONAL_CARE.png,,BMw7VlJNM5sJJAvLVkBmIKKw6Pgg9as4vlywl,place,,
ZZb3ogawZjFWWErkR5wDcNNGbBJGqLie1myDj,,-500.0,2024-01-23,,Travel > Airlines and Aviation Services,22001000,,VERY_HIGH,NKDjqyAdQQzpyeD8qpLnX0D6yvLe2KYKYYzQ4,https://plaid-merchant-logos.plaid.com/united_airlines_1065.png,United Airlines,,merchant,united.com,2024-01-23,,USD,,,,,,,,,https://plaid-merchant-logos.plaid.com/united_airlines_1065.png,NKDjqyAdQQzpyeD8qpLnX0D6yvLe2KYKYYzQ4,United Airlines,United Airlines,in store,,,,,,,,,False,,VERY_HIGH,TRAVEL_FLIGHTS,TRAVEL,https://plaid-category-icons.plaid.com/PFC_TRAVEL.png,,W7Jr183w74sqqJnkylW4upppbe9MBDt63VMV8,special,,united.com
ZZb3ogawZjFWWErkR5wDcNNGbBJGqLie1myDj,,12.0,2024-01-22,,Food and Drink > Restaurants > Fast Food,13005032,,VERY_HIGH,vzWXDWBjB06j5BJoD3Jo84OJZg7JJzmqOZA22,https://plaid-merchant-logos.plaid.com/mcdonalds_619.png,McDonald's,,merchant,mcdonalds.com,2024-01-22,,USD,,,,,,,,3322,https://plaid-merchant-logos.plaid.com/mcdonalds_619.png,vzWXDWBjB06j5BJoD3Jo84OJZg7JJzmqOZA22,McDonald's,McDonald's,in store,,,,,,,,,False,,VERY_HIGH,FOOD_AND_DRINK_FAST_FOOD,FOOD_AND_DRINK,https://plaid-category-icons.plaid.com/PFC_FOOD_AND_DRINK.png,,AZ1jDQJ5Z9FXXEvKDLeWS111ZdnN84C9Lmwmm,place,,mcdonalds.com
ZZb3ogawZjFWWErkR5wDcNNGbBJGqLie1myDj,,4.33,2024-01-22,,Food and Drink > Restaurants > Coffee Shop,13005043,,VERY_HIGH,NZAJQ5wYdo1W1p39X5q5gpb15OMe39pj4pJBb,https://plaid-merchant-logos.plaid.com/starbucks_956.png,Starbucks,,merchant,starbucks.com,2024-01-22,,USD,,,,,,,,,https://plaid-merchant-logos.plaid.com/starbucks_956.png,NZAJQ5wYdo1W1p39X5q5gpb15OMe39pj4pJBb,Starbucks,Starbucks,in store,,,,,,,,,False,,VERY_HIGH,FOOD_AND_DRINK_COFFEE,FOOD_AND_DRINK,https://plaid-category-icons.plaid.com/PFC_FOOD_AND_DRINK.png,,Ggw1r3JbgkhbbaGKvyEJCNNNwkB58Vf6Kd9dL,place,,starbucks.com
ZZb3ogawZjFWWErkR5wDcNNGbBJGqLie1myDj,,89.4,2024-01-20,,Food and Drink > Restaurants,13005000,,LOW,,,FUN,,merchant,,2024-01-21,,USD,,,,,,,,,,,FUN,SparkFun,in store,,,,,,,,,False,,LOW,GENERAL_MERCHANDISE_OTHER_GENERAL_MERCHANDISE,GENERAL_MERCHANDISE,https://plaid-category-icons.plaid.com/PFC_GENERAL_MERCHANDISE.png,,nG4WqpvmGJhRRWjGeNqdsaaaoQqKGBCA94k47,place,,
MzlkawJ9zZFookd9bynvc66GN1rGnxcLRpg8M,,-4.22,2024-01-20,,Transfer > Payroll,21009000,,,,,,,,,2024-01-20,,USD,,,,,,,,,,,,INTRST PYMNT,other,,,,,,,,,False,,LOW,INCOME_WAGES,INCOME,https://plaid-category-icons.plaid.com/PFC_INCOME.png,,PxrGPeJRxEfZZe1bxBvKcqqqxrkRlVHoLRdbR,special,,
LrM8djJGrbt44Zab83EWUDDjPG5jv8ckWKny7,,500.0,,,Travel > Airlines and Aviation Services,22001000,,VERY_HIGH,NKDjqyAdQQzpyeD8qpLnX0D6yvLe2KYKYYzQ4,https://plaid-merchant-logos.plaid.com/united_airlines_1065.png,United Airlines,,merchant,united.com,2024-01-10,,USD,,,,,,,,,https://plaid-merchant-logos.plaid.com/united_airlines_1065.png,NKDjqyAdQQzpyeD8qpLnX0D6yvLe2KYKYYzQ4,United Airlines,United Airlines,in store,,,,,,,,,False,,VERY_HIGH,TRAVEL_FLIGHTS,TRAVEL,https://plaid-category-icons.plaid.com/PFC_TRAVEL.png,,3rPm8BMVrvtPPGzN7lBKSMMdG5kk6nCZgxJqL,special,,united.com
ZZb3ogawZjFWWErkR5wDcNNGbBJGqLie1myDj,,6.33,2024-01-07,,Travel > Taxi,22016000,,VERY_HIGH,eyg8o776k0QmNgVpAmaQj4WgzW9Qzo6O51gdd,https://plaid-merchant-logos.plaid.com/uber_1060.png,Uber,,merchant,uber.com,2024-01-08,,USD,,,,,,,,,https://plaid-merchant-logos.plaid.com/uber_1060.png,eyg8o776k0QmNgVpAmaQj4WgzW9Qzo6O51gdd,Uber,Uber 072515 SF**POOL**,online,,,,,,,,,False,,VERY_HIGH,TRANSPORTATION_TAXIS_AND_RIDE_SHARES,TRANSPORTATION,https://plaid-category-icons.plaid.com/PFC_TRANSPORTATION.png,,bGp7b3ZeGjhjjW9GXmgyuqqq4MbNxDHmneLeg,special,,uber.com
LrM8djJGrbt44Zab83EWUDDjPG5jv8ckWKny7,,500.0,,,Food and Drink > Restaurants,13005000,,,,,,,,,2024-01-05,,USD,,,,,,,,,,,,Tectra Inc,in store,,,,,,,,,False,,LOW,ENTERTAINMENT_SPORTING_EVENTS_AMUSEMENT_PARKS_AND_MUSEUMS,ENTERTAINMENT,https://plaid-category-icons.plaid.com/PFC_ENTERTAINMENT.png,,xGxzNBvLGXhllxnXd9wahVVQkwZZyXu6MbwnX,place,,
LrM8djJGrbt44Zab83EWUDDjPG5jv8ckWKny7,,2078.5,,,Payment,16000000,,,,,,,,,2024-01-04,,USD,,,,,,,,,,,,AUTOMATIC PAYMENT - THANK,online,,,,,,,,,False,,LOW,GENERAL_MERCHANDISE_OTHER_GENERAL_MERCHANDISE,GENERAL_MERCHANDISE,https://plaid-category-icons.plaid.com/PFC_GENERAL_MERCHANDISE.png,,4z6lEv1wzVFkkGe5bBj3f11n9eXXKMhJpP5dd,special,,
LrM8djJGrbt44Zab83EWUDDjPG5jv8ckWKny7,,500.0,,,Food and Drink > Restaurants > Fast Food,13005032,,VERY_HIGH,3LmdknrdwVy9vm0dqj417rLKeJXW7veV7eb2e,https://plaid-merchant-logos.plaid.com/kfc_546.png,KFC,,merchant,kfc.com,2024-01-04,,USD,,,,,,,,,https://plaid-merchant-logos.plaid.com/kfc_546.png,3LmdknrdwVy9vm0dqj417rLKeJXW7veV7eb2e,KFC,KFC,in store,,,,,,,,,False,,VERY_HIGH,FOOD_AND_DRINK_FAST_FOOD,FOOD_AND_DRINK,https://plaid-category-icons.plaid.com/PFC_FOOD_AND_DRINK.png,,a8kjndQJ83CZZlPKwBmrcnnbxzkkPNCZ6M47R,place,,kfc.com
LrM8djJGrbt44Zab83EWUDDjPG5jv8ckWKny7,,500.0,,,Shops > Sporting Goods,19046000,,,,,,,,,2024-01-04,,USD,,,,,,,,,,,,Madison Bicycle Shop,in store,,,,,,,,,False,,LOW,GENERAL_MERCHANDISE_SPORTING_GOODS,GENERAL_MERCHANDISE,https://plaid-category-icons.plaid.com/PFC_GENERAL_MERCHANDISE.png,,dkgQyd1ekJsddENkgmjXtnna4LBBqgCJypNZo,place,,
MzlkawJ9zZFookd9bynvc66GN1rGnxcLRpg8M,,25.0,2023-12-25,,Payment > Credit Card,16001000,,,,,,,,,2023-12-26,,USD,,,,,,,,,,,,CREDIT CARD 3333 PAYMENT *//,other,,,,,,,,,False,,LOW,LOAN_PAYMENTS_CREDIT_CARD_PAYMENT,LOAN_PAYMENTS,https://plaid-category-icons.plaid.com/PFC_LOAN_PAYMENTS.png,,j9poDZv39gSkkdr9zjBafBBBk8rZy3c6Ke4kj,special,,
ZZb3ogawZjFWWErkR5wDcNNGbBJGqLie1myDj,,5.4,2023-12-25,,Travel > Taxi,22016000,,VERY_HIGH,eyg8o776k0QmNgVpAmaQj4WgzW9Qzo6O51gdd,https://plaid-merchant-logos.plaid.com/uber_1060.png,Uber,,merchant,uber.com,2023-12-26,,USD,,,,,,,,,https://plaid-merchant-logos.plaid.com/uber_1060.png,eyg8o776k0QmNgVpAmaQj4WgzW9Qzo6O51gdd,Uber,Uber 063015 SF**POOL**,online,,,,,,,,,False,,VERY_HIGH,TRANSPORTATION_TAXIS_AND_RIDE_SHARES,TRANSPORTATION,https://plaid-category-icons.plaid.com/PFC_TRANSPORTATION.png,,mGJElLvWG9hAAVnEpmlyCddd1JZM65Cgeaja7,special,,uber.com
pygGrLvbyXs66b1EZnrycQQamlWa7ZhpQjMNv,,5850.0,,,Transfer > Debit,21006000,,,,,,,,,2023-12-25,,USD,,,,,,,,,,,,ACH Electronic CreditGUSTO PAY 123456,online,,,,ACH,,,,,False,,LOW,GENERAL_SERVICES_ACCOUNTING_AND_FINANCIAL_PLANNING,GENERAL_SERVICES,https://plaid-category-icons.plaid.com/PFC_GENERAL_SERVICES.png,,pygGrLvbyXs66b1EZnrycQQ9v6qq8KSpldgJl,special,,
1qJnoyQrqwsmml374KwycDDZBQLZKjcpPXdGg,,1000.0,,,Transfer > Deposit,21007000,,,,,,,,,2023-12-25,,USD,,,,,,,,,,,,CD DEPOSIT .INITIAL.,other,,,,,,,,,False,,LOW,GENERAL_MERCHANDISE_OTHER_GENERAL_MERCHANDISE,GENERAL_MERCHANDISE,https://plaid-category-icons.plaid.com/PFC_GENERAL_MERCHANDISE.png,,rGqbBRvXG5h44ybGBpexU666MDRabqi7bzwLe,special,,
LrM8djJGrbt44Zab83EWUDDjPG5jv8ckWKny7,,78.5,2023-12-23,,Recreation > Gyms and Fitness Centers,17018000,,,,,,,,,2023-12-24,,USD,,,,,,,,,,,,Touchstone Climbing,in store,,,,,,,,,False,,LOW,PERSONAL_CARE_GYMS_AND_FITNESS_CENTERS,PERSONAL_CARE,https://plaid-category-icons.plaid.com/PFC_PERSONAL_CARE.png,,NBqW4wJVBniMMnGwkvZ1uKK6m3XXnysy8wZWy,place,,
ZZb3ogawZjFWWErkR5wDcNNGbBJGqLie1myDj,,-500.0,2023-12-24,,Travel > Airlines and Aviation Services,22001000,,VERY_HIGH,NKDjqyAdQQzpyeD8qpLnX0D6yvLe2KYKYYzQ4,https://plaid-merchant-logos.plaid.com/united_airlines_1065.png,United Airlines,,merchant,united.com,2023-12-24,,USD,,,,,,,,,https://plaid-merchant-logos.plaid.com/united_airlines_1065.png,NKDjqyAdQQzpyeD8qpLnX0D6yvLe2KYKYYzQ4,United Airlines,United Airlines,in store,,,,,,,,,False,,VERY_HIGH,TRAVEL_FLIGHTS,TRAVEL,https://plaid-category-icons.plaid.com/PFC_TRAVEL.png,,yXdBP3w9Xbu11WL94VmQFyyyxjwbPQt4PBdBy,special,,united.com
ZZb3ogawZjFWWErkR5wDcNNGbBJGqLie1myDj,,12.0,2023-12-23,,Food and Drink > Restaurants > Fast Food,13005032,,VERY_HIGH,vzWXDWBjB06j5BJoD3Jo84OJZg7JJzmqOZA22,https://plaid-merchant-logos.plaid.com/mcdonalds_619.png,McDonald's,,merchant,mcdonalds.com,2023-12-23,,USD,,,,,,,,3322,https://plaid-merchant-logos.plaid.com/mcdonalds_619.png,vzWXDWBjB06j5BJoD3Jo84OJZg7JJzmqOZA22,McDonald's,McDonald's,in store,,,,,,,,,False,,VERY_HIGH,FOOD_AND_DRINK_FAST_FOOD,FOOD_AND_DRINK,https://plaid-category-icons.plaid.com/PFC_FOOD_AND_DRINK.png,,9akBbVJWawS99R3N46JMiWWWmX85AwH4o6864,place,,mcdonalds.com
ZZb3ogawZjFWWErkR5wDcNNGbBJGqLie1myDj,,4.33,2023-12-23,,Food and Drink > Restaurants > Coffee Shop,13005043,,VERY_HIGH,NZAJQ5wYdo1W1p39X5q5gpb15OMe39pj4pJBb,https://plaid-merchant-logos.plaid.com/starbucks_956.png,Starbucks,,merchant,starbucks.com,2023-12-23,,USD,,,,,,,,,https://plaid-merchant-logos.plaid.com/starbucks_956.png,NZAJQ5wYdo1W1p39X5q5gpb15OMe39pj4pJBb,Starbucks,Starbucks,in store,,,,,,,,,False,,VERY_HIGH,FOOD_AND_DRINK_COFFEE,FOOD_AND_DRINK,https://plaid-category-icons.plaid.com/PFC_FOOD_AND_DRINK.png,,vwBKa5vbwRsnnAoExabVI666N8QnbDiqbdxdv,place,,starbucks.com
ZZb3ogawZjFWWErkR5wDcNNGbBJGqLie1myDj,,89.4,2023-12-21,,Food and Drink > Restaurants,13005000,,LOW,,,FUN,,merchant,,2023-12-22,,USD,,,,,,,,,,,FUN,SparkFun,in store,,,,,,,,,False,,LOW,GENERAL_MERCHANDISE_OTHER_GENERAL_MERCHANDISE,GENERAL_MERCHANDISE,https://plaid-category-icons.plaid.com/PFC_GENERAL_MERCHANDISE.png,,RaBb7VqJa1Sww8mQ9WqRiXXXqGln5WfaNEjEX,place,,
MzlkawJ9zZFookd9bynvc66GN1rGnxcLRpg8M,,-4.22,2023-12-21,,Transfer > Payroll,21009000,,,,,,,,,2023-12-21,,USD,,,,,,,,,,,,INTRST PYMNT,other,,,,,,,,,False,,LOW,INCOME_WAGES,INCOME,https://plaid-category-icons.plaid.com/PFC_INCOME.png,,7xPrGQovxVfbb5zvMamLCoooGklm9vCdbqQzz,special,,
LrM8djJGrbt44Zab83EWUDDjPG5jv8ckWKny7,,500.0,,,Travel > Airlines and Aviation Services,22001000,,VERY_HIGH,NKDjqyAdQQzpyeD8qpLnX0D6yvLe2KYKYYzQ4,https://plaid-merchant-logos.plaid.com/united_airlines_1065.png,United Airlines,,merchant,united.com,2023-12-11,,USD,,,,,,,,,https://plaid-merchant-logos.plaid.com/united_airlines_1065.png,NKDjqyAdQQzpyeD8qpLnX0D6yvLe2KYKYYzQ4,United Airlines,United Airlines,in store,,,,,,,,,False,,VERY_HIGH,TRAVEL_FLIGHTS,TRAVEL,https://plaid-category-icons.plaid.com/PFC_TRAVEL.png,,PxrGPeJRxEfZZe1bxBvKcqqVGZXXKNSoLRd7X,special,,united.com
ZZb3ogawZjFWWErkR5wDcNNGbBJGqLie1myDj,,6.33,2023-12-08,,Travel > Taxi,22016000,,VERY_HIGH,eyg8o776k0QmNgVpAmaQj4WgzW9Qzo6O51gdd,https://plaid-merchant-logos.plaid.com/uber_1060.png,Uber,,merchant,uber.com,2023-12-09,,USD,,,,,,,,,https://plaid-merchant-logos.plaid.com/uber_1060.png,eyg8o776k0QmNgVpAmaQj4WgzW9Qzo6O51gdd,Uber,Uber 072515 SF**POOL**,online,,,,,,,,,False,,VERY_HIGH,TRANSPORTATION_TAXIS_AND_RIDE_SHARES,TRANSPORTATION,https://plaid-category-icons.plaid.com/PFC_TRANSPORTATION.png,,63XKAmpJ3BtnnXwBWVDdIpppRQ5vbAt8Q5J5x,special,,uber.com
LrM8djJGrbt44Zab83EWUDDjPG5jv8ckWKny7,,500.0,,,Food and Drink > Restaurants,13005000,,,,,,,,,2023-12-06,,USD,,,,,,,,,,,,Tectra Inc,in store,,,,,,,,,False,,LOW,ENTERTAINMENT_SPORTING_EVENTS_AMUSEMENT_PARKS_AND_MUSEUMS,ENTERTAINMENT,https://plaid-category-icons.plaid.com/PFC_ENTERTAINMENT.png,,j9poDZv39gSkkdr9zjBafBB3q9jjNwf6Ke41Z,place,,
LrM8djJGrbt44Zab83EWUDDjPG5jv8ckWKny7,,2078.5,,,Payment,16000000,,,,,,,,,2023-12-05,,USD,,,,,,,,,,,,AUTOMATIC PAYMENT - THANK,online,,,,,,,,,False,,LOW,GENERAL_MERCHANDISE_OTHER_GENERAL_MERCHANDISE,GENERAL_MERCHANDISE,https://plaid-category-icons.plaid.com/PFC_GENERAL_MERCHANDISE.png,,QdznjVlQdWcZZgbea184cKKbEVNNrPswPVopZ,special,,
LrM8djJGrbt44Zab83EWUDDjPG5jv8ckWKny7,,500.0,,,Food and Drink > Restaurants > Fast Food,13005032,,VERY_HIGH,3LmdknrdwVy9vm0dqj417rLKeJXW7veV7eb2e,https://plaid-merchant-logos.plaid.com/kfc_546.png,KFC,,merchant,kfc.com,2023-12-05,,USD,,,,,,,,,https://plaid-merchant-logos.plaid.com/kfc_546.png,3LmdknrdwVy9vm0dqj417rLKeJXW7veV7eb2e,KFC,KFC,in store,,,,,,,,,False,,VERY_HIGH,FOOD_AND_DRINK_FAST_FOOD,FOOD_AND_DRINK,https://plaid-category-icons.plaid.com/PFC_FOOD_AND_DRINK.png,,eG6Z9aL4GJhQQn6G8xkRtEEjNmllkKTrvGDLE,place,,kfc.com
LrM8djJGrbt44Zab83EWUDDjPG5jv8ckWKny7,,500.0,,,Shops > Sporting Goods,19046000,,,,,,,,,2023-12-05,,USD,,,,,,,,,,,,Madison Bicycle Shop,in store,,,,,,,,,False,,LOW,GENERAL_MERCHANDISE_SPORTING_GOODS,GENERAL_MERCHANDISE,https://plaid-category-icons.plaid.com/PFC_GENERAL_MERCHANDISE.png,,7xPrGQovxVfbb5zvMamLCoov5WXX47FdbqQg1,place,,
MzlkawJ9zZFookd9bynvc66GN1rGnxcLRpg8M,,25.0,2023-11-25,,Payment > Credit Card,16001000,,,,,,,,,2023-11-26,,USD,,,,,,,,,,,,CREDIT CARD 3333 PAYMENT *//,other,,,,,,,,,False,,LOW,LOAN_PAYMENTS_CREDIT_CARD_PAYMENT,LOAN_PAYMENTS,https://plaid-category-icons.plaid.com/PFC_LOAN_PAYMENTS.png,,eG6Z9aL4GJhQQn6G8xkRtEEEo6g7djCrvGDKy,special,,
ZZb3ogawZjFWWErkR5wDcNNGbBJGqLie1myDj,,5.4,2023-11-25,,Travel > Taxi,22016000,,VERY_HIGH,eyg8o776k0QmNgVpAmaQj4WgzW9Qzo6O51gdd,https://plaid-merchant-logos.plaid.com/uber_1060.png,Uber,,merchant,uber.com,2023-11-26,,USD,,,,,,,,,https://plaid-merchant-logos.plaid.com/uber_1060.png,eyg8o776k0QmNgVpAmaQj4WgzW9Qzo6O51gdd,Uber,Uber 063015 SF**POOL**,online,,,,,,,,,False,,VERY_HIGH,TRANSPORTATION_TAXIS_AND_RIDE_SHARES,TRANSPORTATION,https://plaid-category-icons.plaid.com/PFC_TRANSPORTATION.png,,XeokL1xpewHRRV6b9expsnnnXKWk6Nibkagay,special,,uber.com
pygGrLvbyXs66b1EZnrycQQamlWa7ZhpQjMNv,,5850.0,,,Transfer > Debit,21006000,,,,,,,,,2023-11-25,,USD,,,,,,,,,,,,ACH Electronic CreditGUSTO PAY 123456,online,,,,ACH,,,,,False,,LOW,GENERAL_SERVICES_ACCOUNTING_AND_FINANCIAL_PLANNING,GENERAL_SERVICES,https://plaid-category-icons.plaid.com/PFC_GENERAL_SERVICES.png,,oGbAKXvZGLhDDLyGndKvi44Jv5PPqBioQm9p5,special,,
1qJnoyQrqwsmml374KwycDDZBQLZKjcpPXdGg,,1000.0,,,Transfer > Deposit,21007000,,,,,,,,,2023-11-25,,USD,,,,,,,,,,,,CD DEPOSIT .INITIAL.,other,,,,,,,,,False,,LOW,GENERAL_MERCHANDISE_OTHER_GENERAL_MERCHANDISE,GENERAL_MERCHANDISE,https://plaid-category-icons.plaid.com/PFC_GENERAL_MERCHANDISE.png,,zGJ3jMvBG5hvvzjM91qWckkkmyGaeofldnaDG,special,,
LrM8djJGrbt44Zab83EWUDDjPG5jv8ckWKny7,,78.5,2023-11-23,,Recreation > Gyms and Fitness Centers,17018000,,,,,,,,,2023-11-24,,USD,,,,,,,,,,,,Touchstone Climbing,in store,,,,,,,,,False,,LOW,PERSONAL_CARE_GYMS_AND_FITNESS_CENTERS,PERSONAL_CARE,https://plaid-category-icons.plaid.com/PFC_PERSONAL_CARE.png,,ZZb3ogawZjFWWErkR5wDcNNXla99PKieaBLgx,place,,
ZZb3ogawZjFWWErkR5wDcNNGbBJGqLie1myDj,,-500.0,2023-11-24,,Travel > Airlines and Aviation Services,22001000,,VERY_HIGH,NKDjqyAdQQzpyeD8qpLnX0D6yvLe2KYKYYzQ4,https://plaid-merchant-logos.plaid.com/united_airlines_1065.png,United Airlines,,merchant,united.com,2023-11-24,,USD,,,,,,,,,https://plaid-merchant-logos.plaid.com/united_airlines_1065.png,NKDjqyAdQQzpyeD8qpLnX0D6yvLe2KYKYYzQ4,United Airlines,United Airlines,in store,,,,,,,,,False,,VERY_HIGH,TRAVEL_FLIGHTS,TRAVEL,https://plaid-category-icons.plaid.com/PFC_TRAVEL.png,,DLoQlRJKLwC33XpEqkJ6CnnnPdwQvBi3NMeM7,special,,united.com
ZZb3ogawZjFWWErkR5wDcNNGbBJGqLie1myDj,,12.0,2023-11-23,,Food and Drink > Restaurants > Fast Food,13005032,,VERY_HIGH,vzWXDWBjB06j5BJoD3Jo84OJZg7JJzmqOZA22,https://plaid-merchant-logos.plaid.com/mcdonalds_619.png,McDonald's,,merchant,mcdonalds.com,2023-11-23,,USD,,,,,,,,3322,https://plaid-merchant-logos.plaid.com/mcdonalds_619.png,vzWXDWBjB06j5BJoD3Jo84OJZg7JJzmqOZA22,McDonald's,McDonald's,in store,,,,,,,,,False,,VERY_HIGH,FOOD_AND_DRINK_FAST_FOOD,FOOD_AND_DRINK,https://plaid-category-icons.plaid.com/PFC_FOOD_AND_DRINK.png,,VjpKM1BojgF77w4yQJ8RcxxxVNmjXbu9QrkrD,place,,mcdonalds.com
ZZb3ogawZjFWWErkR5wDcNNGbBJGqLie1myDj,,4.33,2023-11-23,,Food and Drink > Restaurants > Coffee Shop,13005043,,VERY_HIGH,NZAJQ5wYdo1W1p39X5q5gpb15OMe39pj4pJBb,https://plaid-merchant-logos.plaid.com/starbucks_956.png,Starbucks,,merchant,starbucks.com,2023-11-23,,USD,,,,,,,,,https://plaid-merchant-logos.plaid.com/starbucks_956.png,NZAJQ5wYdo1W1p39X5q5gpb15OMe39pj4pJBb,Starbucks,Starbucks,in store,,,,,,,,,False,,VERY_HIGH,FOOD_AND_DRINK_COFFEE,FOOD_AND_DRINK,https://plaid-category-icons.plaid.com/PFC_FOOD_AND_DRINK.png,,wG3r4AvDG5hwwxdGjPArieeeJo5qK6CPz898M,place,,starbucks.com
ZZb3ogawZjFWWErkR5wDcNNGbBJGqLie1myDj,,89.4,2023-11-21,,Food and Drink > Restaurants,13005000,,LOW,,,FUN,,merchant,,2023-11-22,,USD,,,,,,,,,,,FUN,SparkFun,in store,,,,,,,,,False,,LOW,ENTERTAINMENT_SPORTING_EVENTS_AMUSEMENT_PARKS_AND_MUSEUMS,ENTERTAINMENT,https://plaid-category-icons.plaid.com/PFC_ENTERTAINMENT.png,,5B7qWxkzBVi55J6RNop4fLLLDrkNqmi5XmVmj,place,,
MzlkawJ9zZFookd9bynvc66GN1rGnxcLRpg8M,,-4.22,2023-11-21,,Transfer > Payroll,21009000,,,,,,,,,2023-11-21,,USD,,,,,,,,,,,,INTRST PYMNT,other,,,,,,,,,False,,LOW,INCOME_WAGES,INCOME,https://plaid-category-icons.plaid.com/PFC_INCOME.png,,QdznjVlQdWcZZgbea184cKKKy4Mv9bUwPVoLk,special,,
LrM8djJGrbt44Zab83EWUDDjPG5jv8ckWKny7,,500.0,,,Travel > Airlines and Aviation Services,22001000,,VERY_HIGH,NKDjqyAdQQzpyeD8qpLnX0D6yvLe2KYKYYzQ4,https://plaid-merchant-logos.plaid.com/united_airlines_1065.png,United Airlines,,merchant,united.com,2023-11-11,,USD,,,,,,,,,https://plaid-merchant-logos.plaid.com/united_airlines_1065.png,NKDjqyAdQQzpyeD8qpLnX0D6yvLe2KYKYYzQ4,United Airlines,United Airlines,in store,,,,,,,,,False,,VERY_HIGH,TRAVEL_FLIGHTS,TRAVEL,https://plaid-category-icons.plaid.com/PFC_TRAVEL.png,,MzlkawJ9zZFookd9bynvc66Dbz44VqCLXrx9k,special,,united.com
ZZb3ogawZjFWWErkR5wDcNNGbBJGqLie1myDj,,6.33,2023-11-08,,Travel > Taxi,22016000,,VERY_HIGH,eyg8o776k0QmNgVpAmaQj4WgzW9Qzo6O51gdd,https://plaid-merchant-logos.plaid.com/uber_1060.png,Uber,,merchant,uber.com,2023-11-09,,USD,,,,,,,,,https://plaid-merchant-logos.plaid.com/uber_1060.png,eyg8o776k0QmNgVpAmaQj4WgzW9Qzo6O51gdd,Uber,Uber 072515 SF**POOL**,online,,,,,,,,,False,,VERY_HIGH,TRANSPORTATION_TAXIS_AND_RIDE_SHARES,TRANSPORTATION,https://plaid-category-icons.plaid.com/PFC_TRANSPORTATION.png,,Jqko3aJdqbsEE8jDkvqpcWWWJR4MABHBXPjPN,special,,uber.com
LrM8djJGrbt44Zab83EWUDDjPG5jv8ckWKny7,,500.0,,,Food and Drink > Restaurants,13005000,,,,,,,,,2023-11-06,,USD,,,,,,,,,,,,Tectra Inc,in store,,,,,,,,,False,,LOW,ENTERTAINMENT_SPORTING_EVENTS_AMUSEMENT_PARKS_AND_MUSEUMS,ENTERTAINMENT,https://plaid-category-icons.plaid.com/PFC_ENTERTAINMENT.png,,1qJnoyQrqwsmml374KwycDD1lx66vpCp9175E,place,,
LrM8djJGrbt44Zab83EWUDDjPG5jv8ckWKny7,,2078.5,,,Payment,16000000,,,,,,,,,2023-11-05,,USD,,,,,,,,,,,,AUTOMATIC PAYMENT - THANK,online,,,,,,,,,False,,LOW,GENERAL_MERCHANDISE_OTHER_GENERAL_MERCHANDISE,GENERAL_MERCHANDISE,https://plaid-category-icons.plaid.com/PFC_GENERAL_MERCHANDISE.png,,oGbAKXvZGLhDDLyGndKvi44Jv5PPqBioQm9RJ,special,,
LrM8djJGrbt44Zab83EWUDDjPG5jv8ckWKny7,,500.0,,,Food and Drink > Restaurants > Fast Food,13005032,,VERY_HIGH,3LmdknrdwVy9vm0dqj417rLKeJXW7veV7eb2e,https://plaid-merchant-logos.plaid.com/kfc_546.png,KFC,,merchant,kfc.com,2023-11-05,,USD,,,,,,,,,https://plaid-merchant-logos.plaid.com/kfc_546.png,3LmdknrdwVy9vm0dqj417rLKeJXW7veV7eb2e,KFC,KFC,in store,,,,,,,,,False,,VERY_HIGH,FOOD_AND_DRINK_FAST_FOOD,FOOD_AND_DRINK,https://plaid-category-icons.plaid.com/PFC_FOOD_AND_DRINK.png,,pygGrLvbyXs66b1EZnrycQQ9v6qq8KSpldgLy,place,,kfc.com
LrM8djJGrbt44Zab83EWUDDjPG5jv8ckWKny7,,500.0,,,Shops > Sporting Goods,19046000,,,,,,,,,2023-11-05,,USD,,,,,,,,,,,,Madison Bicycle Shop,in store,,,,,,,,,False,,LOW,GENERAL_MERCHANDISE_SPORTING_GOODS,GENERAL_MERCHANDISE,https://plaid-category-icons.plaid.com/PFC_GENERAL_MERCHANDISE.png,,LrM8djJGrbt44Zab83EWUDD931eeZNCk658Pz,place,,
MzlkawJ9zZFookd9bynvc66GN1rGnxcLRpg8M,,25.0,2023-10-26,,Payment > Credit Card,16001000,,,,,,,,,2023-10-27,,USD,,,,,,,,,,,,CREDIT CARD 3333 PAYMENT *//,other,,,,,,,,,False,,LOW,LOAN_PAYMENTS_CREDIT_CARD_PAYMENT,LOAN_PAYMENTS,https://plaid-category-icons.plaid.com/PFC_LOAN_PAYMENTS.png,,ZZb3ogawZjFWWErkR5wDcNNNZ17rRXfeaBLwg,special,,
ZZb3ogawZjFWWErkR5wDcNNGbBJGqLie1myDj,,5.4,2023-10-26,,Travel > Taxi,22016000,,VERY_HIGH,eyg8o776k0QmNgVpAmaQj4WgzW9Qzo6O51gdd,https://plaid-merchant-logos.plaid.com/uber_1060.png,Uber,,merchant,uber.com,2023-10-27,,USD,,,,,,,,,https://plaid-merchant-logos.plaid.com/uber_1060.png,eyg8o776k0QmNgVpAmaQj4WgzW9Qzo6O51gdd,Uber,Uber 063015 SF**POOL**,online,,,,,,,,,False,,VERY_HIGH,TRANSPORTATION_TAXIS_AND_RIDE_SHARES,TRANSPORTATION,https://plaid-category-icons.plaid.com/PFC_TRANSPORTATION.png,,k6wgVbvX6mtwwGD635gWi888ak5yQbuL7vEvg,special,,uber.com
pygGrLvbyXs66b1EZnrycQQamlWa7ZhpQjMNv,,5850.0,,,Transfer > Debit,21006000,,,,,,,,,2023-10-26,,USD,,,,,,,,,,,,ACH Electronic CreditGUSTO PAY 123456,online,,,,ACH,,,,,False,,LOW,GENERAL_SERVICES_ACCOUNTING_AND_FINANCIAL_PLANNING,GENERAL_SERVICES,https://plaid-category-icons.plaid.com/PFC_GENERAL_SERVICES.png,,gGp1RAowGJhrrGzEQlKLSllEjP33MZfENJDL8,special,,
1qJnoyQrqwsmml374KwycDDZBQLZKjcpPXdGg,,1000.0,,,Transfer > Deposit,21007000,,,,,,,,,2023-10-26,,USD,,,,,,,,,,,,CD DEPOSIT .INITIAL.,other,,,,,,,,,False,,LOW,GENERAL_MERCHANDISE_OTHER_GENERAL_MERCHANDISE,GENERAL_MERCHANDISE,https://plaid-category-icons.plaid.com/PFC_GENERAL_MERCHANDISE.png,,BMw7VlJNM5sJJAvLVkBmIKKKjW8DBwU4vlyqK,special,,
LrM8djJGrbt44Zab83EWUDDjPG5jv8ckWKny7,,78.5,2023-10-24,,Recreation > Gyms and Fitness Centers,17018000,,,,,,,,,2023-10-25,,USD,,,,,,,,,,,,Touchstone Climbing,in store,,,,,,,,,False,,LOW,PERSONAL_CARE_GYMS_AND_FITNESS_CENTERS,PERSONAL_CARE,https://plaid-category-icons.plaid.com/PFC_PERSONAL_CARE.png,,gGp1RAowGJhrrGzEQlKLSllEjP33MZfENJDgv,place,,
ZZb3ogawZjFWWErkR5wDcNNGbBJGqLie1myDj,,-500.0,2023-10-25,,Travel > Airlines and Aviation Services,22001000,,VERY_HIGH,NKDjqyAdQQzpyeD8qpLnX0D6yvLe2KYKYYzQ4,https://plaid-merchant-logos.plaid.com/united_airlines_1065.png,United Airlines,,merchant,united.com,2023-10-25,,USD,,,,,,,,,https://plaid-merchant-logos.plaid.com/united_airlines_1065.png,NKDjqyAdQQzpyeD8qpLnX0D6yvLe2KYKYYzQ4,United Airlines,United Airlines,in store,,,,,,,,,False,,VERY_HIGH,TRAVEL_FLIGHTS,TRAVEL,https://plaid-category-icons.plaid.com/PFC_TRAVEL.png,,lG78wW6gG1hQQxwG3LBjtbbbdJ3ElrfpBxWxK,special,,united.com
ZZb3ogawZjFWWErkR5wDcNNGbBJGqLie1myDj,,12.0,2023-10-24,,Food and Drink > Restaurants > Fast Food,13005032,,VERY_HIGH,vzWXDWBjB06j5BJoD3Jo84OJZg7JJzmqOZA22,https://plaid-merchant-logos.plaid.com/mcdonalds_619.png,McDonald's,,merchant,mcdonalds.com,2023-10-24,,USD,,,,,,,,3322,https://plaid-merchant-logos.plaid.com/mcdonalds_619.png,vzWXDWBjB06j5BJoD3Jo84OJZg7JJzmqOZA22,McDonald's,McDonald's,in store,,,,,,,,,False,,VERY_HIGH,FOOD_AND_DRINK_FAST_FOOD,FOOD_AND_DRINK,https://plaid-category-icons.plaid.com/PFC_FOOD_AND_DRINK.png,,qGlnzXv5Gjh88XDWMLZEuAAAM7KNeqsgl3W34,place,,mcdonalds.com
ZZb3ogawZjFWWErkR5wDcNNGbBJGqLie1myDj,,4.33,2023-10-24,,Food and Drink > Restaurants > Coffee Shop,13005043,,VERY_HIGH,NZAJQ5wYdo1W1p39X5q5gpb15OMe39pj4pJBb,https://plaid-merchant-logos.plaid.com/starbucks_956.png,Starbucks,,merchant,starbucks.com,2023-10-24,,USD,,,,,,,,,https://plaid-merchant-logos.plaid.com/starbucks_956.png,NZAJQ5wYdo1W1p39X5q5gpb15OMe39pj4pJBb,Starbucks,Starbucks,in store,,,,,,,,,False,,VERY_HIGH,FOOD_AND_DRINK_COFFEE,FOOD_AND_DRINK,https://plaid-category-icons.plaid.com/PFC_FOOD_AND_DRINK.png,,KKRgxaJwKVUeevbpR8EBimmmznZMyWhRoQ8Qd,place,,starbucks.com
ZZb3ogawZjFWWErkR5wDcNNGbBJGqLie1myDj,,89.4,2023-10-22,,Food and Drink > Restaurants,13005000,,LOW,,,FUN,,merchant,,2023-10-23,,USD,,,,,,,,,,,FUN,SparkFun,in store,,,,,,,,,False,,LOW,GENERAL_MERCHANDISE_OTHER_GENERAL_MERCHANDISE,GENERAL_MERCHANDISE,https://plaid-category-icons.plaid.com/PFC_GENERAL_MERCHANDISE.png,,rGqbBRvXG5h44ybGBpexU666MDRabqi7bzwzK,place,,
MzlkawJ9zZFookd9bynvc66GN1rGnxcLRpg8M,,-4.22,2023-10-22,,Transfer > Payroll,21009000,,,,,,,,,2023-10-22,,USD,,,,,,,,,,,,INTRST PYMNT,other,,,,,,,,,False,,LOW,INCOME_WAGES,INCOME,https://plaid-category-icons.plaid.com/PFC_INCOME.png,,MzlkawJ9zZFookd9bynvc666EjlKwDiLXrxAL,special,,
LrM8djJGrbt44Zab83EWUDDjPG5jv8ckWKny7,,500.0,,,Travel > Airlines and Aviation Services,22001000,,VERY_HIGH,NKDjqyAdQQzpyeD8qpLnX0D6yvLe2KYKYYzQ4,https://plaid-merchant-logos.plaid.com/united_airlines_1065.png,United Airlines,,merchant,united.com,2023-10-12,,USD,,,,,,,,,https://plaid-merchant-logos.plaid.com/united_airlines_1065.png,NKDjqyAdQQzpyeD8qpLnX0D6yvLe2KYKYYzQ4,United Airlines,United Airlines,in store,,,,,,,,,False,,VERY_HIGH,TRAVEL_FLIGHTS,TRAVEL,https://plaid-category-icons.plaid.com/PFC_TRAVEL.png,,8d6znwg4dRcooZBwbjA6cRRlZA88gKCW7BawD,special,,united.com
ZZb3ogawZjFWWErkR5wDcNNGbBJGqLie1myDj,,6.33,2023-10-09,,Travel > Taxi,22016000,,VERY_HIGH,eyg8o776k0QmNgVpAmaQj4WgzW9Qzo6O51gdd,https://plaid-merchant-logos.plaid.com/uber_1060.png,Uber,,merchant,uber.com,2023-10-10,,USD,,,,,,,,,https://plaid-merchant-logos.plaid.com/uber_1060.png,eyg8o776k0QmNgVpAmaQj4WgzW9Qzo6O51gdd,Uber,Uber 072515 SF**POOL**,online,,,,,,,,,False,,VERY_HIGH,TRANSPORTATION_TAXIS_AND_RIDE_SHARES,TRANSPORTATION,https://plaid-category-icons.plaid.com/PFC_TRANSPORTATION.png,,zGJ3jMvBG5hvvzjM91qWckkkmyGaeofldnaKx,special,,uber.com
LrM8djJGrbt44Zab83EWUDDjPG5jv8ckWKny7,,500.0,,,Food and Drink > Restaurants,13005000,,,,,,,,,2023-10-07,,USD,,,,,,,,,,,,Tectra Inc,in store,,,,,,,,,False,,LOW,ENTERTAINMENT_SPORTING_EVENTS_AMUSEMENT_PARKS_AND_MUSEUMS,ENTERTAINMENT,https://plaid-category-icons.plaid.com/PFC_ENTERTAINMENT.png,,Ep7ZqNJRprCQQJEk3d8etKKV7rll4gs48NQXD,place,,
LrM8djJGrbt44Zab83EWUDDjPG5jv8ckWKny7,,500.0,,,Shops > Sporting Goods,19046000,,,,,,,,,2023-10-06,,USD,,,,,,,,,,,,Madison Bicycle Shop,in store,,,,,,,,,False,,LOW,GENERAL_MERCHANDISE_SPORTING_GOODS,GENERAL_MERCHANDISE,https://plaid-category-icons.plaid.com/PFC_GENERAL_MERCHANDISE.png,,W7Jr183w74sqqJnkylW4uppDm3PPJwF63VM6p,place,,
